leaid,lea_name,enrollment,urban_centric_locale,urm_pct,frl_pct,academic,scoScore,latitude,longitude
1808760,Penn-Harris-Madison School Corp,11513,Suburb large,28.499999999999996,22.53,1,0.59,41.68171,-86.107851
1808820,Perry Township Schools,16603,City large,62.32,69.28999999999999,1.37,1.11,39.67146,-86.135861
1808850,Peru Community Schools,1982,Town distant,15.39,51.970000000000006,1.33,0.78,40.75203,-86.069561
1808900,Pike County School Corp,1618,Rural distant,4.82,47.65,1.35,0.71,38.49212,-87.275831
1808910,MSD Pike Township,10928,City large,92.95,63,1.78,1.37,39.8795,-86.2598
1808940,Pioneer Regional School Corp,979,Rural distant,9.81,50.71,1.77,0.89,40.86173,-86.495781
1808970,Plainfield Community School Corp,5766,Suburb large,20.5,24.779999999999998,1,0.56,39.694248,-86.395606
1809000,East Porter County School Corp,2441,Rural fringe,12.370000000000001,15.9,1,0.47,41.3138,-87.018261
1809060,Plymouth Community School Corp,3359,Town distant,33.22,52.370000000000005,2.05,1.11,41.34721,-86.303291
1809120,John Glenn School Corporation,2003,Rural fringe,9.89,38.940000000000005,1,0.58,41.45653,-86.478901
1809150,Portage Township Schools,6963,Suburb large,47.94,49.99,1.7,1.06,41.55252,-87.170721
1809180,Porter Township School Corp,1494,Rural fringe,19.28,24.16,1.4,0.68,41.398667,-87.162021
1809300,Prairie Heights Community Sch Corp,1356,Rural distant,7.670000000000001,23.599999999999998,1.34,0.6,41.636867,-85.200763
1809360,West Central School Corp,636,Rural remote,12.26,49.21,1.34,0.75,41.02842,-86.890421
1809420,Rensselaer Central School Corp,1539,Town distant,17.150000000000002,36.91,1.34,0.72,40.93861,-87.140606
1809480,Richland-Bean Blossom C S C,2705,Suburb midsize,9.76,33.52,1.36,0.67,39.234886,-86.634047
1809510,Richmond Community Schools,4638,Town distant,36.29,74.22999999999999,1.77,1.14,39.8245,-84.902061
1809630,Rochester Community School Corp,1692,Town distant,9.520000000000001,51.06,1.72,0.88,41.05542,-86.225021
1809690,Merrillville Community School Corp,6055,Suburb large,89.31,63.27,1.69,1.33,41.49789,-87.328711
1809720,Rossville Con School District,945,Rural distant,7.199999999999999,23.810000000000002,1,0.49,40.414506,-86.598053
1809750,Rush County Schools,1913,Town distant,7.16,57.11000000000001,1,0.65,39.61512,-85.449031
1809810,Salem Community Schools,1745,Town distant,6.069999999999999,51.980000000000004,1.73,0.87,38.609861,-86.10637
1809840,Daleville Community Schools,984,Suburb small,7.109999999999999,47.760000000000005,1.38,0.73,40.11996,-85.555161
1809990,Scott County School District 1,1246,Town distant,6.9,53.97,2.15,1.02,38.73973,-85.802402
1810020,Scott County School District 2,2610,Town distant,6.21,57.07,1.35,0.77,38.685073,-85.766539
1810080,Seymour Community Schools,5281,Town distant,44.82,54.96,2.12,1.21,38.9392,-85.890731
1810110,MSD Shakamak Schools,673,Rural distant,4.75,45.62,1.34,0.7,39.159361,-87.212846
1810140,Shelbyville Central Schools,4052,Town distant,24.560000000000002,48.199999999999996,1.33,0.81,39.51103,-85.788671
1810170,Shoals Community School Corp,689,Rural distant,4.06,58.93000000000001,1.36,0.77,38.666,-86.777591
1810260,South Adams Schools,1250,Town distant,14.96,41.44,1,0.62,40.64715,-84.959851
1810290,South Bend Community School Corp,15964,City midsize,72.74000000000001,61.19,2.19,1.4,41.67453,-86.249093
1810350,South Gibson School Corporation,2069,Rural distant,6.279999999999999,23.44,1,0.48,38.237724,-87.631742
1810360,South Harrison Com Schools,3071,Town fringe,10.620000000000001,46.08,1,0.62,38.202,-86.119791
1810380,South Henry School Corp,707,Rural distant,5.94,45.2,1.37,0.71,39.83272,-85.350879
1810410,South Knox School Corp,1236,Rural distant,3.4799999999999995,35.52,1,0.53,38.63499,-87.421111
1810440,South Madison Com Sch Corp,4481,Suburb small,11.49,27.810000000000002,1,0.53,40.000819,-85.764012
1810450,South Montgomery Com Sch Corp,1625,Rural distant,7.82,29.349999999999998,1,0.52,39.95057,-86.905371
1810470,South Newton School Corp,844,Rural remote,18.01,49.76,1.75,0.92,40.80579,-87.383351
1810500,South Putnam Community Schools,1060,Rural distant,6.23,40.660000000000004,1,0.57,39.60276,-86.832431
1810530,South Ripley Com Sch Corp,1095,Rural distant,5.0200000000000005,40.73,1,0.56,39.07141,-85.252711
1810560,South Spencer County Sch Corp,1111,Rural distant,6.660000000000001,43.919999999999995,1.33,0.7,37.8803,-87.0513
1810590,South Vermillion Com Sch Corp,1615,Rural fringe,4.3999999999999995,53,1.36,0.74,39.68824,-87.414701
1810620,Southeast Fountain School Corp,988,Rural distant,9.719999999999999,48.480000000000004,1.35,0.74,40.106621,-87.224834
1810640,Southeast Dubois Co Sch Corp,1276,Rural distant,6.43,23.669999999999998,1,0.48,38.2276,-86.859
1810650,Hamilton Southeastern Schools,21603,Suburb large,31.119999999999997,15.509999999999998,1,0.57,39.98474,-85.994931
1810680,Lewis Cass Schools,1393,Rural distant,13.930000000000001,44.72,1.36,0.75,40.66032,-86.242281
1810710,Southern Hancock Co Com Sch Corp,3756,Rural fringe,8.68,24.6,1,0.5,39.7158,-85.8952
1810740,Randolph Southern School Corp,518,Rural distant,9.27,45.75,1.35,0.73,40.05233,-84.945031
1810770,Southern Wells Com Schools,845,Rural distant,4.97,37.51,1,0.55,40.608315,-85.279949
1810800,Southwestern-Jefferson Co Con,1303,Rural fringe,10.13,55.95,1.41,0.8,38.70767,-85.472381
1810830,Southwestern Con Sch Shelby Co,596,Rural distant,6.21,37.580000000000005,1.35,0.67,39.440924,-85.845187
1810860,Southwest School Corporation,1650,Rural fringe,4.91,46.61,1.68,0.82,39.112264,-87.413995
1810870,Southwest Dubois Co Sch Corp,1898,Rural fringe,36.25,44.84,1.35,0.85,38.2917,-86.9537
1810900,Southwest Parke Com Sch Corp,1040,Rural distant,7.02,51.92,1.73,0.87,39.69808,-87.324701
1810920,School Town of Speedway,1863,Suburb large,61.14000000000001,51.480000000000004,1,0.9,39.80037,-86.255701
1810980,Springs Valley Com School Corp,835,Rural distant,11.86,47.9,1.73,0.88,38.54896,-86.616841
1811100,MSD Steuben County,2581,Rural fringe,16.31,36.730000000000004,1.68,0.83,41.63192,-84.998131
1811190,Sunman-Dearborn Com Sch Corp,3770,Rural distant,4.96,18.060000000000002,1.34,0.56,39.279246,-84.973944
1811220,Switzerland County School Corp,1494,Rural distant,5.76,50.739999999999995,1.38,0.74,38.73999,-85.083391
1811250,Taylor Community School Corp,1302,Rural fringe,34.1,53.99,2.13,1.15,40.434915,-86.054696
1811260,Tell City-Troy Twp School Corp,1416,Rural fringe,8.62,45.06,1.71,0.84,37.953357,-86.758273
1811340,Tippecanoe School Corp,13591,Suburb midsize,29.599999999999998,35.699999999999996,1.34,0.77,40.39208,-86.904031
1811370,Tippecanoe Valley School Corp,1805,Rural distant,18.84,50.36000000000001,1.35,0.8,41.1101,-86.040431
1811400,Tipton Community School Corp,1444,Town fringe,9.9,37.6,1.34,0.69,40.270779,-86.040127
1811430,Tri-County School Corporation,764,Rural distant,14.01,38.22,1.34,0.71,40.75907,-87.042361
1811460,Tri-Creek School Corporation,3229,Rural fringe,14.649999999999999,24.84,1,0.53,41.270481,-87.430956
1811490,Triton School Corporation,918,Rural distant,8.93,34.86,1.37,0.67,41.30016,-86.109401
1811580,Twin Lakes School Corp,2252,Town distant,18.12,58.63,1.68,0.95,40.7379,-86.761391
1811610,Union Co/Clg Corner Joint Sch Dist,1299,Rural distant,5.47,47.04,1,0.6,39.63371,-84.921711
1811700,Union Township School Corp,1407,Rural fringe,17.84,27.29,1,0.56,41.478822,-87.180071
1811730,Union School Corporation,6338,Rural distant,32.22,62.7,1.77,1.06,40.048,-85.1357
1811910,Union-North United School Corp,1274,Rural distant,10.83,43.72,1,0.61,41.477556,-86.304839
1811970,Valparaiso Community Schools,6356,Suburb large,24.48,28.349999999999998,1,0.6,41.502226,-87.067101
1812060,Crothersville Community Schools,482,Rural distant,7.26,60.79,1.76,0.93,38.796361,-85.835998
1812090,Vigo County School Corp,13940,City small,19.54,54.379999999999995,2.07,1.06,39.46677,-87.407711
1812120,Vincennes Community School Corp,2818,Town remote,13.52,47.23,1,0.64,38.650757,-87.495678
1812150,Wabash City Schools,1569,Town distant,8.799999999999999,50.29,1.41,0.77,40.8077,-85.8354
1812180,MSD Wabash County Schools,2125,Rural distant,9.04,45.93,1.38,0.73,40.8273,-85.8489
1812240,Wa-Nee Community Schools,2878,Town fringe,16.68,29.64,1,0.56,41.453224,-86.002168
1812360,MSD Warren Township,11801,City large,82.97,59.27,2.14,1.42,39.78155,-86.008651
1812390,Warrick County School Corp,10070,Suburb midsize,13.07,28.82,1,0.54,38.052029,-87.271119
1812420,Warsaw Community Schools,6731,Town distant,28.84,42.24,1.33,0.8,41.2254,-85.8619
1812450,Washington Community Schools,2443,Town remote,32.17,61.519999999999996,1.7,1.03,38.6561,-87.1723
1812720,MSD Washington Township,10901,City large,71.31,38.86,1.74,1.13,39.91029,-86.123121
1812810,MSD Wayne Township,16343,City large,75.59,61.28,2.13,1.39,39.749706,-86.270493
1812870,West Lafayette Com School Corp,2369,City small,43.35,16.17,1,0.63,40.437128,-86.905476
1812880,Frankton-Lapel Community Schools,3132,Rural fringe,8.08,32.019999999999996,1,0.53,40.1491,-85.8229
1812900,West Noble School Corporation,2202,Rural fringe,55.45,46.589999999999996,1.72,1.08,41.42585,-85.580491
1812930,West Washington School Corp,872,Rural distant,5.62,100,1.33,0.97,38.582703,-86.233476
1812990,Western Boone Co Com Sch Dist,1676,Rural distant,6.09,31.380000000000003,1,0.52,40.05741,-86.618851
1813050,Western Wayne Schools,801,Town distant,6.99,54.559999999999995,1.41,0.78,39.814659,-85.137437
1813080,Westfield-Washington Schools,8820,Suburb large,22.189999999999998,15.8,1,0.52,40.049595,-86.13727
1813110,Westview School Corporation,2107,Rural distant,5.7,21.36,1,0.47,41.6177,-85.5408
1813200,School City of Whiting,1158,Suburb large,81.78,62.870000000000005,1.69,1.29,41.6819,-87.4921
1813230,Whitko Community School Corp,1243,Rural distant,7.48,41.83,1,0.58,41.17101,-85.631432
1800008,White River Valley School District,794,Rural distant,9.19,59.95,1,0.68,39.035665,-87.047115
1800030,MSD Southwest Allen County Schls,7800,Suburb large,24.26,17.560000000000002,1.35,0.66,41.039153,-85.284921
1800060,Adams Central Community Schools,1326,Rural distant,7.62,19.98,1,0.47,40.746147,-84.942832
1800107,Tri-Township Cons School Corp,332,Rural distant,5.12,33.73,1.38,0.65,41.42661,-86.893641
1800118,North Central Parke Comm Schl Corp,1181,Town distant,7.79,56.730000000000004,1.37,0.78,39.76792,-87.234151
1800120,Alexandria Community School Corp,1534,Suburb small,11.93,52.09,1,0.65,40.26292,-85.672991
1800150,Anderson Community School Corp,6470,City small,49.24,69.26,2.12,1.3,40.1256,-85.6979
1800180,Argos Community Schools,645,Rural distant,8.53,45.269999999999996,1,0.6,41.241437,-86.250678
1800210,Attica Consolidated School Corp,615,Town distant,8.62,50.64999999999999,1.37,0.75,40.278052,-87.251085
1800240,South Dearborn Community Sch Corp,1960,Rural fringe,5.510000000000001,41.31,1.72,0.81,39.063206,-84.932429
1800270,Avon Community School Corp,10310,Suburb large,43.5,33.25,1,0.72,39.76153,-86.395191
1800330,Barr-Reeve Community Schools Inc,995,Rural distant,3.32,22.509999999999998,1,0.46,38.6653,-87.0444
1800360,Bartholomew Con School Corp,11691,City small,32.300000000000004,40.06,1.69,0.92,39.21105,-85.904621
1800390,Batesville Community School Corp,2187,Rural fringe,8.64,24.87,1,0.5,39.312049,-85.235832
1800420,Baugo Community Schools,1838,Suburb midsize,22.91,21.55,1,0.56,41.6355,-86.025
1800450,Beech Grove City Schools,2837,Suburb large,35.5,46.489999999999995,2.06,1.1,39.712759,-86.076666
1800480,Benton Community School Corp,1619,Rural distant,14.95,49.47,1.37,0.78,40.6148,-87.3148
1800570,Blackford County Schools,1552,Rural fringe,9.99,46.26,1.33,0.73,40.421034,-85.382816
1800600,Bloomfield School District,854,Town distant,6.5600000000000005,41.92,1,0.58,39.024524,-86.945493
1800630,Monroe County Community Sch Corp,10613,City small,25.44,30.65,1,0.61,39.144938,-86.530578
1800660,Blue River Valley Schools,636,Rural fringe,5.029999999999999,46.23,1.37,0.71,40.0036,-85.385
1800690,North Harrison Com School Corp,2157,Rural fringe,5.9799999999999995,41.43,1,0.57,38.32188,-86.147791
1800720,MSD Bluffton-Harrison,1802,Town distant,13.43,39.839999999999996,1.36,0.72,40.721447,-85.159138
1800750,MSD Boone Township,1029,Rural fringe,15.939999999999998,42.370000000000005,1.38,0.75,41.316001,-87.198468
1800840,Clay Community Schools,4014,Rural fringe,6.2,46.79,1.35,0.72,39.51341,-87.125781
1800900,Bremen Public Schools,1479,Town distant,31.91,38.269999999999996,1,0.68,41.44284,-86.151961
1800960,Brown County School Corporation,1693,Rural distant,6.02,44.36,1.74,0.83,39.2065,-86.2439
1801020,Brownsburg Community School Corp,9799,Suburb large,32.28,24.01,1,0.61,39.838463,-86.389665
1801050,Brownstown Cnt Com Sch Corp,1450,Town distant,4.97,38.62,1.71,0.79,38.8783,-86.049
1801060,C A Beard Memorial School Corp,1105,Rural fringe,5.34,42.99,1,0.57,39.793588,-85.54072
1801170,Cannelton City Schools,239,Town distant,10.040000000000001,65.27,2.13,1.09,37.910295,-86.743796
1801200,Carmel Clay Schools,16215,City small,30.44,9.98,1,0.54,39.977838,-86.081134
1801290,Carroll Consolidated School Corp,1066,Rural distant,9.01,42.5,1,0.59,40.54773,-86.515021
1801410,Caston School Corporation,745,Rural distant,8.86,48.05,1.39,0.75,40.911779,-86.282801
1801440,Center Grove Community School Corp,9173,Suburb large,19.009999999999998,18.69,1,0.52,39.57819,-86.190871
1801560,Centerville-Abington Com Schs,1790,Town distant,10.56,31.96,1,0.55,39.81446,-84.997701
1801590,DeKalb Co Ctl United Sch Dist,3609,Town fringe,8.17,40.65,1.35,0.69,41.409763,-85.036739
1801710,Central Noble Com School Corp,1175,Rural distant,5.36,35.32,1.37,0.66,41.39544,-85.422221
1801740,Perry Central Com Schools Corp,1275,Rural remote,3.92,32.47,1,0.52,38.111737,-86.60488
1801770,Randolph Central School Corp,1395,Town distant,9.46,39.64,1.4,0.71,40.1726,-84.9797
1801890,Clark-Pleasant Community Sch Corp,6809,Suburb large,31.97,40.37,1,0.7,39.5507,-86.08
1801920,Clarksville Community School Corp,3129,Suburb large,36.370000000000005,32.85,2.2,1.08,38.301101,-85.766383
1802040,Northwestern School Corp,1894,Rural fringe,10.03,25.61,1,0.51,40.5206,-86.1279
1802130,Clinton Central School Corporation,868,Rural distant,9.56,42.970000000000006,1,0.6,40.297069,-86.391656
1802160,Clinton Prairie School Corporation,1209,Rural fringe,9.1,41.52,1,0.59,40.25069,-86.591784
1802190,South Central Com School Corp,945,Rural distant,11.110000000000001,34.599999999999994,1,0.56,41.465592,-86.81627
1802220,Cloverdale Community Schools,1406,Rural distant,9.17,42.46,1.35,0.71,39.51027,-86.787608
1802280,Whitley County Con Schools,3652,Rural fringe,9.28,27.11,1.36,0.64,41.15818,-85.493511
1802400,Concord Community Schools,5235,Suburb midsize,59.41,46.61,1.72,1.1,41.6365,-85.9274
1802430,Covington Community School Corp,858,Town fringe,8.86,30.19,1.34,0.64,40.14415,-87.395001
1802440,Crawford County Community Sch Corp,1342,Rural distant,3.8699999999999997,60.36,2.08,1.02,38.3218,-86.3542
1802460,Crawfordsville Community Schools,2504,Town distant,26.88,57.63,1.71,1,40.0454,-86.8889
1802490,Crown Point Community School Corp,8819,Suburb large,24.5,19.75,1,0.55,41.4203,-87.3631
1802520,Culver Community Schools Corp,827,Rural distant,15.72,51.51,1.71,0.9,41.222921,-86.423817
1802550,Danville Community School Corp,2557,Suburb large,10.639999999999999,24.21,1,0.51,39.75895,-86.541781
1802610,Decatur County Community Schools,1824,Rural fringe,4.99,45.94,1,0.59,39.35753,-85.469591
1802640,MSD Decatur Township,6681,City large,43.8,55.88999999999999,1.7,1.07,39.6879,-86.2782
1802660,Delaware Community School Corp,2571,Rural fringe,9.53,38.82,1.34,0.69,40.27918,-85.348889
1802700,Delphi Community School Corp,1429,Rural fringe,14.56,49.059999999999995,1.75,0.9,40.57621,-86.665631
1802800,Duneland School Corporation,5831,Suburb large,22.21,25.88,1,0.57,41.609063,-87.059322
1802830,Zionsville Community Schools,7784,Suburb large,19.400000000000002,5.2,1,0.46,39.960956,-86.27076
1802850,East Allen County Schools,10126,Suburb large,39.290000000000006,48.449999999999996,1.35,0.89,41.0669,-85.011641
1802880,School City of East Chicago,3378,Suburb large,98.02,75.85,2.26,1.62,41.63278,-87.453261
1802910,Lake Station Community Schools,1154,Suburb large,61.79,76.42999999999999,1.78,1.28,41.572643,-87.244824
1802940,East Gibson School Corporation,749,Town distant,6.54,50.2,1.34,0.73,38.331,-87.3511
1802970,East Noble School Corporation,3450,Town distant,9.59,45.300000000000004,1.36,0.73,41.4414,-85.266281
1803000,East Washington School Corp,1416,Rural distant,6.43,40.47,1.34,0.68,38.514695,-86.002001
1803030,Eastbrook Community Sch Corp,1634,Rural distant,8.51,31.879999999999995,1,0.54,40.54818,-85.505921
1803060,DeKalb Co Eastern Com Sch Dist,1237,Rural fringe,6.3100000000000005,37.51,1,0.55,41.4315,-84.869
1803090,Eastern Greene Schools,1098,Rural distant,5.56,47.04,1.36,0.72,39.04363,-86.744401
1803120,Eastern Hancock Co Com Sch Corp,1161,Rural distant,4.569999999999999,29.29,1,0.5,39.82374,-85.609671
1803150,Eastern Howard School Corporation,1566,Town fringe,8.75,41.699999999999996,1,0.59,40.477629,-85.968795
1803180,Randolph Eastern School Corp,897,Town distant,38.129999999999995,56.19,1.69,1.03,40.20486,-84.815351
1803210,Shelby Eastern Schools,1165,Rural distant,3.95,35.79,1,0.53,39.5615,-85.6693
1803240,Edinburgh Community School Corp,849,Suburb small,12.6,66.2,1.73,0.97,39.35369,-85.970051
1803270,Elkhart Community Schools,11659,City small,61.24000000000001,53.81,1.76,1.16,41.69585,-86.017011
1803300,Elwood Community School Corp,1494,Town fringe,12.120000000000001,52.61,1.36,0.78,40.292055,-85.84277
1803330,Eminence Community School Corp,318,Rural distant,5.029999999999999,46.54,1.37,0.71,39.52436,-86.642464
1803450,Evansville Vanderburgh School Corp,21942,City midsize,33.21,45.26,2.06,1.08,37.97243,-87.563771
1803480,Fairfield Community Schools,2171,Rural fringe,10.69,22.11,1,0.5,41.51985,-85.769101
1803510,Fayette County School Corporation,3305,Town distant,5.63,60.85,1.35,0.78,39.6348,-85.164
1803570,Flat Rock-Hawcreek School Corp,967,Rural distant,7.140000000000001,38.37,1.37,0.68,39.2935,-85.7714
1803630,Fort Wayne Community Schools,28778,City large,61.88,65.29,1.75,1.22,41.074384,-85.137818
1803660,Community Schools of Frankfort,3055,Rural fringe,57.410000000000004,69.95,1.73,1.21,40.279752,-86.480646
1803690,Franklin Community School Corp,4966,Suburb large,13.950000000000001,37.25,1.34,0.7,39.49038,-86.063411
1803700,Franklin County Community Sch Corp,2098,Rural distant,2.5700000000000003,41.52,1,0.55,39.425758,-85.01007
1803720,Lanesville Community School Corp,742,Rural fringe,5.66,22.37,1.37,0.6,38.239163,-85.989548
1803750,Franklin Township Com Sch Corp,11139,City large,38.690000000000005,42.89,1.34,0.86,39.67907,-86.018281
1803780,Fremont Community Schools,982,Rural distant,5.6000000000000005,34.32,1,0.53,41.7312,-84.949071
1803810,Frontier School Corporation,675,Rural distant,5.93,24.3,1.34,0.6,40.66226,-86.868431
1803870,Gary Community School Corp,4374,City small,98.77,85.53,2.25,1.67,41.593932,-87.408242
1803930,Goshen Community Schools,6364,City small,63.2,54.98,1.71,1.16,41.58027,-85.826021
1803940,Greater Clark County Schools,10320,Suburb large,42.480000000000004,51.6,1.34,0.92,38.3374,-85.679581
1803960,Greater Jasper Consolidated Schs,3235,Rural fringe,22.23,35.52,1,0.62,38.400658,-86.951484
1803990,Greencastle Community School Corp,1842,Town distant,7.55,43.43,1,0.59,39.64023,-86.840391
1804050,Greenfield-Central Com Schools,4421,Suburb large,10.34,31.830000000000002,1,0.54,39.7862,-85.7697
1804080,Greensburg Community Schools,2178,Town distant,8.260000000000002,39.76,1.35,0.69,39.35285,-85.502451
1804110,Greenwood Community Sch Corp,3968,Suburb large,26.229999999999997,38.1,1,0.65,39.60561,-86.116071
1804140,Monroe-Gregg School District,1539,Rural fringe,7.08,32.1,2.07,0.89,39.57703,-86.479671
1804170,Griffith Public Schools,2005,Suburb large,54.71,48.88,1.69,1.08,41.533056,-87.435515
1804230,Hamilton Community Schools,359,Rural distant,6.69,36.49,2.08,0.91,41.522281,-84.920799
1804260,Hamilton Heights School Corp,2302,Suburb large,7.08,27.54,1,0.51,40.17603,-86.026791
1804320,School City of Hammond,11957,Suburb large,89.25999999999999,73.41,2.2,1.55,41.611599,-87.524287
1804350,Hanover Community School Corp,2615,Suburb large,24.89,17.4,1,0.54,41.3773,-87.4501
1804470,Western School Corporation,2570,Rural fringe,14.280000000000001,23.5,1,0.52,40.437206,-86.243679
1804500,Wes-Del Community Schools,893,Rural fringe,7.5,52.07000000000001,1.34,0.74,40.2819,-85.5008
1804560,School Town of Highland,3072,Suburb large,48.730000000000004,34.410000000000004,1,0.75,41.54669,-87.461241
1804590,School City of Hobart,4039,Suburb large,38.67,44.99,1.37,0.87,41.527529,-87.258326
1804620,River Forest Community Sch Corp,1583,Suburb large,63.3,57.13,1.74,1.18,41.55843,-87.275051
1804710,Huntington Co Com Sch Corp,4996,Town distant,8.59,42.29,1.37,0.71,40.696161,-85.428496
1804770,Indianapolis Public Schools,22115,City large,78.9,62.94,2.14,1.42,39.777329,-86.154602
1804800,Jac-Cen-Del Community Sch Corp,773,Rural distant,3.49,46.83,1.33,0.7,39.13572,-85.293851
1804980,Jay School Corporation,2984,Rural fringe,10.09,51.739999999999995,1.34,0.76,40.43277,-85.005841
1805190,Jennings County School Corporation,4023,Rural fringe,10.76,56.25,1.7,0.9,39.0041,-85.6284
1805280,Kankakee Valley School Corp,3252,Rural distant,14.729999999999999,41.54,1.34,0.73,41.18824,-87.149751
1805340,Knox Community School Corp,1751,Town distant,7.539999999999999,58.02,1.42,0.8,41.28637,-86.624911
1805370,Kokomo School Corporation,5301,City small,42.26,56.120000000000005,1.74,1.07,40.468878,-86.1327
1805400,Lafayette School Corporation,7430,City small,56.84,66.75999999999999,1.74,1.2,40.420262,-86.871837
1805450,Lake Central School Corporation,9418,Suburb large,35.49,23.89,1,0.63,41.46857,-87.471141
1805460,Lake Ridge New Tech Schools,1559,Suburb large,65.75,89.8,2.18,1.5,41.548791,-87.412375
1805520,Lakeland School Corporation,1682,Town distant,27.47,39.42,2.05,1.02,41.65257,-85.409874
1805550,Wawasee Community School Corp,2925,Rural fringe,14.430000000000001,43.9,1.73,0.87,41.41436,-85.749551
1805580,LaPorte Community School Corp,6323,City small,24.959999999999997,49.980000000000004,1.69,0.94,41.589005,-86.718599
1805670,MSD Lawrence Township,16247,Suburb large,81.07,59.68,1.75,1.29,39.877418,-85.97163
1805700,Lawrenceburg Community School Corp,2099,Town fringe,11.34,34.92,1.37,0.69,39.09837,-84.854571000000007
1805790,Lebanon Community School Corp,3351,Town fringe,15.73,33.57,1,0.58,40.061596,-86.46191
1805910,Linton-Stockton School Corporation,1378,Town distant,4.79,46.73,1,0.59,39.041315,-87.164698
1806030,Logansport Community Sch Corp,4331,Town distant,56.57,54.67999999999999,2.05,1.24,40.756279,-86.329565
1806060,Loogootee Community Sch Corp,733,Rural fringe,5.319999999999999,34.92,1,0.53,38.677986,-86.921344
1806080,MSD Warren County,1363,Rural distant,5.87,43.43,1,0.58,40.28723,-87.293731
1806090,Maconaquah School Corp,1961,Rural fringe,17.54,53.239999999999995,1.4,0.82,40.65177,-86.060551
1806120,Madison Consolidated Schools,2704,Town distant,10.870000000000001,44.58,1.37,0.74,38.7725,-85.406
1806240,Madison-Grant United School Corp,1262,Rural fringe,12.280000000000001,38.75,1.77,0.85,40.384406,-85.673389
1806390,Marion Community Schools,3753,Town distant,52.14,67.25,2.09,1.29,40.53881,-85.668787
1806480,Sheridan Community Schools,1052,Town fringe,8.559999999999999,33.37,1.35,0.66,40.146971,-86.216739
1806510,MSD Martinsville Schools,4086,Town fringe,6.140000000000001,40.06,1.34,0.68,39.42561,-86.423982
1806570,Michigan City Area Schools,5314,City small,58.32000000000001,76.12,2.07,1.36,41.70713,-86.868301
1806600,Middlebury Community Schools,4299,Rural fringe,15.790000000000001,24.8,1.34,0.65,41.6692,-85.7252
1806630,Milan Community Schools,970,Rural distant,3.09,45.57,1.71,0.81,39.12057,-85.125021
1806660,Mill Creek Community Sch Corp,1569,Rural distant,7.07,24.79,1.38,0.62,39.66463,-86.559671
1806840,School City of Mishawaka,5274,City small,34.19,53.36,2.08,1.13,41.6494,-86.178631
1806870,Mississinewa Community School Corp,2490,Town distant,18.029999999999998,63.78,1.73,0.98,40.486709,-85.607736
1806900,Mitchell Community Schools,1490,Town distant,6.4399999999999995,56.779999999999994,2.1,1.02,38.7347,-86.4756
1807020,Cowan Community School Corp,814,Rural fringe,9.71,47.79,1,0.62,40.107651,-85.392567
1807080,Monroe Central School Corp,1105,Rural fringe,6.7,44.519999999999996,1,0.59,40.1923,-85.166
1807110,Eastern Pulaski Community Sch Corp,1177,Town distant,8.84,44.86,1.35,0.72,41.04666,-86.598031
1807140,Mooresville Con School Corp,4340,Suburb large,8.290000000000001,40.37,1,0.58,39.617008,-86.379932
1807230,Yorktown Community Schools,2686,Suburb small,16.34,31.569999999999997,1,0.57,40.17208,-85.493291
1807260,Mt Vernon Community School Corp,4526,Rural fringe,22.689999999999998,22.98,1,0.56,39.902383,-85.839252
1807290,MSD Mount Vernon,2064,Town fringe,10.08,34.06,1.36,0.67,37.92903,-87.906781
1807320,Muncie Community Schools,5141,City small,42.66,68.53,2.21,1.29,40.215894,-85.364629
1807350,School Town of Munster,4148,Suburb large,48.94,17.86,1,0.67,41.55825,-87.501589
1807380,Nettle Creek School Corporation,1110,Rural distant,5.949999999999999,39.550000000000004,1,0.56,39.91225,-85.158411
1807410,New Albany-Floyd Co Con Sch,11570,Suburb large,23.669999999999998,31.11,1,0.61,38.31779,-85.822401
1807440,New Castle Community School Corp,2886,Town distant,13.13,57.76,1.37,0.81,39.9247,-85.3815
1807470,MSD of New Durham Township,873,Town fringe,13.29,35.05,1.4,0.71,41.542117,-86.894603
1807560,New Prairie United School Corp,2869,Rural fringe,13.209999999999999,35.099999999999994,1,0.57,41.683111,-86.563958
1807620,Nineveh-Hensley-Jackson United,2028,Rural distant,5.08,28.9,1.34,0.62,39.409725,-86.158623
1807650,Noblesville Schools,10643,Suburb large,19.25,20.91,1,0.53,40.049557,-86.029136
1807680,North Adams Community Schools,1628,Town distant,18.12,45.39,1.38,0.78,40.837025,-84.912741
1807710,North Daviess Com Schools,1099,Rural remote,7.01,45.18,1.34,0.71,38.847419,-87.061919
1807770,North Gibson School Corporation,1921,Rural fringe,18.01,41.8,2.03,0.98,38.367133,-87.580901
1807800,North Judson-San Pierre Sch Corp,914,Rural distant,7.66,43.87,1.34,0.7,41.21095,-86.786121
1807830,North Knox School Corp,1224,Rural distant,7.19,52.290000000000006,1,0.63,38.8365,-87.3157
1807860,North Lawrence Com Schools,3886,Rural fringe,7.8,46.550000000000004,1.67,0.83,38.875238,-86.499834
1807890,North Miami Community Schools,858,Rural distant,9.09,39.39,1.38,0.7,40.8952,-86.0676
1807900,North Montgomery Com Sch Corp,1875,Rural distant,10.45,31.569999999999997,1,0.54,40.12362,-86.913131
1807920,North Newton School Corp,1169,Rural distant,15.4,48.5,1.34,0.77,40.9439,-87.4519
1807950,MSD North Posey Co Schools,1483,Rural distant,6.47,29.67,1,0.51,38.17251,-87.784911
1807980,North Putnam Community Schools,1360,Rural distant,3.9699999999999998,44.67,1.35,0.69,39.763336,-86.81226
1808010,North Spencer County Sch Corp,2081,Rural distant,10.24,31.81,1,0.54,38.119595,-86.984965
1808040,Tri-Central Community Schools,761,Rural fringe,12.22,42.58,1,0.61,40.373099,-86.051536
1808070,North Vermillion Com Sch Corp,694,Rural distant,5.76,47.260000000000005,2.05,0.95,39.966972,-87.452011
1808100,North West Hendricks Schools,1955,Rural fringe,9.1,21.64,1,0.49,39.885424,-86.546518
1808120,Northeast Dubois Co Sch Corp,876,Rural distant,4.34,21.58,1,0.46,38.4453,-86.8058
1808130,North White School Corp,909,Rural distant,51.6,74.15,1.78,1.22,40.86873,-86.874851
1808160,Northeast School Corp,786,Rural distant,3.18,59.29,1.36,0.76,39.183742,-87.395781
1808190,Northeastern Wayne Schools,1317,Rural distant,7.06,40.17,1.36,0.69,39.95541,-84.920481
1808220,Northern Wells Community Schools,2467,Rural distant,9.77,25.540000000000003,1,0.51,40.882768,-85.16586
1808250,Northwest Allen County Schools,7955,Rural fringe,19.06,17.69,1,0.52,41.2048,-85.1331
1808280,Shenandoah School Corporation,1351,Rural distant,5.33,26.35,1.36,0.61,40.0064,-85.528
1808310,Northwestern Con School Corp,1462,Rural fringe,7.870000000000001,32.08,1.36,0.65,39.6104,-85.8736
1808340,Oak Hill United School Corp,1642,Rural distant,11.33,37.88,1.35,0.7,40.573296,-85.825413
1808460,Oregon-Davis School Corp,478,Rural distant,6.9,57.11000000000001,1.74,0.9,41.38869,-86.551391
1808490,Orleans Community Schools,887,Rural distant,3.38,56.14,1.37,0.75,38.6689,-86.4557
1808640,Paoli Community School Corp,1287,Town distant,6.68,57.809999999999995,1,0.66,38.550426,-86.477041
1809600,NA,NA,NA,NA,NA,NA,NA,NA,NA
1810950,NA,NA,NA,NA,NA,NA,NA,NA,NA
1801230,NA,NA,NA,NA,NA,NA,NA,NA,NA
1809370,NA,NA,NA,NA,NA,NA,NA,NA,NA
1806270,NA,NA,NA,NA,NA,NA,NA,NA,NA
1805880,NA,NA,NA,NA,NA,NA,NA,NA,NA
1810230,NA,NA,NA,NA,NA,NA,NA,NA,NA
1803840,NA,NA,NA,NA,NA,NA,NA,NA,NA
